{
    "locke_gta1_NO_thought_direct_query": {
        "original": {
            "action_str_em": 0.7397412145730992,
            "bbox_center_mse": 84187.42675375953,
            "hit_box_accuracy": 0.44640190599289187,
            "num_episodes": 836,
            "num_steps": 824
        },
        "precision": {
            "action_str_em": 0.7483644780311022,
            "bbox_center_mse": 84304.46014522463,
            "hit_box_accuracy": 0.447198717134475,
            "num_episodes": 940,
            "num_steps": 952
        },
        "style": {
            "action_str_em": 0.760349039305082,
            "bbox_center_mse": 84481.64435608784,
            "hit_box_accuracy": 0.4582839779557596,
            "num_episodes": 1078,
            "num_steps": 1068
        },
        "text_shrink": {
            "action_str_em": 0.7709640481055516,
            "bbox_center_mse": 84233.08135390482,
            "hit_box_accuracy": 0.4673909460766303,
            "num_episodes": 1216,
            "num_steps": 1184
        }
    },
    "locke_gta1_NO_thought_relational_query": {
        "original": {
            "action_str_em": 0.7397412145730992,
            "bbox_center_mse": 94834.99904654473,
            "hit_box_accuracy": 0.14993677042418257,
            "num_episodes": 836,
            "num_steps": 824
        },
        "precision": {
            "action_str_em": 0.7483644780311022,
            "bbox_center_mse": 96216.381730743,
            "hit_box_accuracy": 0.14790722726279798,
            "num_episodes": 940,
            "num_steps": 952
        },
        "style": {
            "action_str_em": 0.760349039305082,
            "bbox_center_mse": 96907.70857399645,
            "hit_box_accuracy": 0.15453118134853738,
            "num_episodes": 1078,
            "num_steps": 1068
        },
        "text_shrink": {
            "action_str_em": 0.7709640481055516,
            "bbox_center_mse": 96676.78541852313,
            "hit_box_accuracy": 0.15920378362820634,
            "num_episodes": 1216,
            "num_steps": 1184
        }
    },
    "locke_qwen_NO_thought_direct_query": {
        "original": {
            "action_str_em": 0.7394436976763438,
            "bbox_center_mse": 74769.06132216117,
            "hit_box_accuracy": 0.4161021499027479,
            "num_episodes": 836,
            "num_steps": 824
        },
        "precision": {
            "action_str_em": 0.7481022223961845,
            "bbox_center_mse": 73528.21178356417,
            "hit_box_accuracy": 0.41956411732168153,
            "num_episodes": 940,
            "num_steps": 952
        },
        "style": {
            "action_str_em": 0.7601124776343962,
            "bbox_center_mse": 74832.50985418467,
            "hit_box_accuracy": 0.42660006528678707,
            "num_episodes": 1078,
            "num_steps": 1068
        },
        "text_shrink": {
            "action_str_em": 0.7707485950147115,
            "bbox_center_mse": 74832.50249553686,
            "hit_box_accuracy": 0.43776498253811985,
            "num_episodes": 1216,
            "num_steps": 1184
        }
    },
    "locke_qwen_NO_thought_relational_query": {
        "original": {
            "action_str_em": 0.7391950216891998,
            "bbox_center_mse": 100044.67559986403,
            "hit_box_accuracy": 0.12586634108257602,
            "num_episodes": 836,
            "num_steps": 824
        },
        "precision": {
            "action_str_em": 0.747883019118628,
            "bbox_center_mse": 100275.06360618012,
            "hit_box_accuracy": 0.12576366362093738,
            "num_episodes": 940,
            "num_steps": 952
        },
        "style": {
            "action_str_em": 0.7597118042423454,
            "bbox_center_mse": 99579.75803030092,
            "hit_box_accuracy": 0.12283651119793841,
            "num_episodes": 1078,
            "num_steps": 1068
        },
        "text_shrink": {
            "action_str_em": 0.7703836740176438,
            "bbox_center_mse": 99830.39900747658,
            "hit_box_accuracy": 0.11802956096796852,
            "num_episodes": 1216,
            "num_steps": 1184
        }
    },
    "locke_qwen_thought_direct_query": {
        "original": {
            "action_str_em": 0.31174905468399505,
            "bbox_center_mse": 85827.26090787789,
            "hit_box_accuracy": 0.2106024364096711,
            "num_episodes": 836,
            "num_steps": 824
        },
        "precision": {
            "action_str_em": 0.32337207667254364,
            "bbox_center_mse": 87635.08687983798,
            "hit_box_accuracy": 0.21767022167879485,
            "num_episodes": 940,
            "num_steps": 952
        },
        "style": {
            "action_str_em": 0.334261171377506,
            "bbox_center_mse": 90400.24436001567,
            "hit_box_accuracy": 0.2272883818084872,
            "num_episodes": 1078,
            "num_steps": 1068
        },
        "text_shrink": {
            "action_str_em": 0.3461505909845261,
            "bbox_center_mse": 93122.58300333348,
            "hit_box_accuracy": 0.23298814662968145,
            "num_episodes": 1216,
            "num_steps": 1184
        }
    },
    "locke_qwen_thought_relational_query": {
        "original": {
            "action_str_em": 0.4560635822595415,
            "bbox_center_mse": 66227.19150590707,
            "hit_box_accuracy": 0.04704993230391195,
            "num_episodes": 836,
            "num_steps": 823
        },
        "precision": {
            "action_str_em": 0.4757649368551138,
            "bbox_center_mse": 65869.5816201382,
            "hit_box_accuracy": 0.04769678883218807,
            "num_episodes": 940,
            "num_steps": 951
        },
        "style": {
            "action_str_em": 0.48327977014973267,
            "bbox_center_mse": 67364.72405290077,
            "hit_box_accuracy": 0.04734714752184733,
            "num_episodes": 1078,
            "num_steps": 1067
        },
        "text_shrink": {
            "action_str_em": 0.49613784259303034,
            "bbox_center_mse": 68447.50577651664,
            "hit_box_accuracy": 0.04809549487616465,
            "num_episodes": 1216,
            "num_steps": 1181
        }
    },
    "locke_uitars_NO_thought_direct_query": {
        "original": {
            "action_str_em": 0.7136418982431194,
            "bbox_center_mse": 91576.34955702319,
            "hit_box_accuracy": 0.4539328472348004,
            "num_episodes": 836,
            "num_steps": 824
        },
        "precision": {
            "action_str_em": 0.7244324880809719,
            "bbox_center_mse": 91649.14232623215,
            "hit_box_accuracy": 0.4547630283032685,
            "num_episodes": 940,
            "num_steps": 952
        },
        "style": {
            "action_str_em": 0.7370725483703362,
            "bbox_center_mse": 91352.86606132731,
            "hit_box_accuracy": 0.46257340728706986,
            "num_episodes": 1078,
            "num_steps": 1068
        },
        "text_shrink": {
            "action_str_em": 0.7482260748234446,
            "bbox_center_mse": 91390.57914159984,
            "hit_box_accuracy": 0.47129762632914673,
            "num_episodes": 1216,
            "num_steps": 1184
        }
    },
    "locke_uitars_NO_thought_relational_query": {
        "original": {
            "action_str_em": 0.6785958730368082,
            "bbox_center_mse": 108041.12873022034,
            "hit_box_accuracy": 0.14975174035603228,
            "num_episodes": 836,
            "num_steps": 824
        },
        "precision": {
            "action_str_em": 0.6889104362324459,
            "bbox_center_mse": 106897.10934698621,
            "hit_box_accuracy": 0.14867005261013214,
            "num_episodes": 940,
            "num_steps": 952
        },
        "style": {
            "action_str_em": 0.7008077245745372,
            "bbox_center_mse": 107222.1658898031,